titulo,año,duracion,pais,direccion,guion,fotografia,reparto,productora,genero,grupo,sinopsis,url
Spider-Man: No Way Home,2021,148 min.,Estados Unidos,"Chris McKenna, Erik Sommers.  Cómic: Steve Ditko, Stan Lee",Michael Giacchino,Mauro Fiore,"Tom Holland, Zendaya, Benedict Cumberbatch, Alfred Molina, Tobey Maguire, Andrew Garfield, Willem Dafoe, Marisa Tomei, Jacob Batalon, Jon Favreau, Angourie Rice, Jamie Foxx, J.K. Simmons, Thomas Haden Church, Rhys Ifans, Harry Holland, Christopher Cocke, J.B. Smoove, Benedict Wong, Hannibal Buress, Martin Starr, Tony Revolori.   Cameo: Charlie Cox, Tom Hardyver 11 más","Pascal Pictures, Marvel Studios, Columbia Pictures.  Columbia Pictures, Sony Pictures Entertainment (SPE)",Fantástico. Acción. Ciencia ficción | Superhéroes. Secuela. Cómic. Marvel Comics. MCU,Marvel Cinematic Universe (MCU) | Spider-Man | Doctor Extraño | Marvel: Fase 4 (Películas y Series),"Por primera vez en la historia cinematográfica de Spider-Man, nuestro héroe, vecino y amigo es desenmascarado, y por tanto, ya no es capaz de separar su vida normal de los enormes riesgos que conlleva ser un superhéroe. Cuando pide ayuda al Doctor Strange, los riesgos pasan a ser aún más peligrosos, obligándole a descubrir lo que realmente significa ser él. Secuela de 'Spider-Man: Far From Home'. ",https://www.filmaffinity.com/es/film491812.html
Doraibu mai kâ,2021,179 min.,Japón,"Ryûsuke Hamaguchi, Takamasa Oe.  Historia: Haruki Murakami",Eiko Ishibashi,Hidetoshi Shinomiya,"Hidetoshi Nishijima, Tôko Miura, Reika Kirishima, Sonia Yuan, Satoko Abe, Masaki Okada, Perry Dizon, Ahn Hwitae","Bitters End, C&I Entertainment, Culture Entertainment, Asahi Shimbun.  Bitters End, The Match Factory",Drama | Teatro,,"Pese a no ser capaz de recuperarse de un drama personal, Yusuke Kafuku, actor y director de teatro, acepta montar la obra ""Tío Vania"" en un festival de Hiroshima. Allí, conoce a Misaki, una joven reservada que le han asignado como chófer. A medida que pasan los trayectos, la sinceridad creciente de sus conversaciones les obliga a enfrentarse a su pasado. (FILMAFFINITY) ",https://www.filmaffinity.com/es/film281888.html
El buen patrón,2021,120 min.,España,Fernando León de Aranoa,Zeltia Montes,Pau Esteve Birba,"Javier Bardem, Manolo Solo, Almudena Amor, Óscar de la Fuente, Sonia Almarcha, Fernando Albizu, Tarik Rmili, Rafa Castejón, Celso Bugallo, Yaël Belicha, Martín Páez, Daniel Chamorro, María de Nati, Mara Guil, Pilar Matas","Reposado Producciones, Mediapro, RTVE, TV3, MK2 Films",Comedia. Drama | Trabajo/empleo,,"Julio Blanco, el carismático propietario de una empresa que fabrica balanzas industriales en una ciudad española de provincias, espera la inminente visita de una comisión que decidirá la obtención de un premio local a la excelencia empresarial. Todo tiene que estar perfecto para la visita. Sin embargo, todo parece conspirar contra él. Trabajando a contrarreloj, Blanco intenta resolver los problemas de sus empleados, cruzando para ello todas las líneas imaginables, y dando lugar a una inesperada y explosiva sucesión de acontecimientos de imprevisibles consecuencias.",https://www.filmaffinity.com/es/film925403.html
West Side Story,2021,156 min.,Estados Unidos,Tony Kushner.  Libro: Arthur Laurents.  Musical: Jerome Robbins,Leonard Bernstein,Janusz Kaminski,"Rachel Zegler, Ansel Elgort, David Alvarez, Ariana DeBose, Rita Moreno, Mike Faist, Josh Andrés Rivera, Corey Stoll, Brian d'Arcy James, Maddie Ziegler, Ana Isabelle, Reginald L. Barnes, Jamila Velazquez, Talia Ryder, Kevin Csolak, Mike Massimino, Paloma Garcia Lee, Jess LeProtto, Annelise Cepero, Arianna Rosario, Garett Hawe, Sean Harrison Jones, Sebastian Serra, Julian Elia, Jonalyn Saxer, Harrison Coll, Eloise Kropp, John Michael Fiumara, Jacob Guzman, David Guzman, Kyle Coffman, Kyle Allen, Jamie Harris, Curtiss Cook, Chryssie Whitehead, Ben Cook, Myles Erlick, Kathryn Grace, Nadia Quinn, Claudette Lalí, Ken Holmesver 28 más","Amblin Entertainment, 20th Century Studios.  20th Century Studios",Musical. Romance. Drama | Drama romántico. Bandas/pandillas callejeras. Años 50,,"Los adolescentes Tony y María, a pesar de tener afiliaciones con pandillas callejeras rivales, los Jets y los Sharks, se enamoran en la ciudad de Nueva York en la década de los 50. Nueva versión del legendario musical 'West Side Story', a su vez adaptación de una famosa obra de teatro de Broadway, que modernizaba la historia de 'Romeo y Julieta', de Shakespeare. (FILMAFFINITY)",https://www.filmaffinity.com/es/film776481.html
Licorice Pizza,2021,133 min.,Estados Unidos,Paul Thomas Anderson,Jonny Greenwood,"Paul Thomas Anderson, Michael Bauman","Alana Haim, Cooper Hoffman, Sean Penn, Tom Waits, Bradley Cooper, Ben Safdie, Maya Rudolph, Joseph Cross, Emma Dumont, Skyler Gisondo, Mary Elizabeth Ellis, Emily Althaus, Anthony Molinari, Craig Stark, Fatimah Hassan, Bottara Angele, Deana Molle', Jeff Willy, Zoe McLane, Destry Allyn Spielberg, Louis Delavenne, Devon Knopp, Mary Eileen O'Donnell, Zachary Chicos, Rogelio Camarillo, Nate Mann, Lakin Valdez, Joe Don Harris, Steven Herrera, Christine Ebersole, Trent Longo, Rosie Valdiva, Sasha Spielberg, Joann Coleman, Charlotte Townsendver 22 más","Ghoulardi Film Company, Bron Studios, Focus Features.  Metro-Goldwyn-Mayer (MGM)",Comedia. Drama. Romance | Adolescencia. Años 70. Comedia romántica. Comedia dramática,,"Es la historia de Alana Kane y Gary Valentine, de cómo se conocen, pasan el tiempo juntos y acaban enamorándose en el Valle de San Fernando en 1973.

",https://www.filmaffinity.com/es/film571166.html
Maixabel,2021,115 min.,España,"Icíar Bollaín, Isa Campo",Alberto Iglesias,Javier Agirre Erauso,"Blanca Portillo, Luis Tosar, Urko Olazabal, María Cerezuela, Arantxa Aranguren, Mikel Bustamante, Bruno Sevilla, Jone Laspiur, David Blanka","Kowalski Films, Feel good Media, ETB, Movistar+, RTVE",Drama | Basado en hechos reales. Terrorismo. ETA,,"Maixabel Lasa pierde en el año 2000 a su marido, Juan María Jaúregui, asesinado por ETA. Once años más tarde, recibe una petición insólita: uno de los asesinos ha pedido entrevistarse con ella en la cárcel de Nanclares de la Oca /Álava), en la que cumple condena tras haber roto sus lazos con la banda terrorista. A pesar de las dudas y del inmenso dolor, Maixabel accede a encontrarse cara a cara con las personas que acabaron a sangre fría con la vida de quien había sido su compañero desde los dieciséis años.",https://www.filmaffinity.com/es/film375190.html
Love Gets a Room,2021,103 min.,España,"Rodrigo Cortés, David Safier.  Obra: Jerzy Jurandot",Víctor Reyes,Rafael García,"Clara Rugaard, Ferdia Walsh-Peelo, Magnus Krepper, Freya Parks, Jack Roth, Henry Goodman, Dalit Streett Tejeda, Anastasia Hille, Valentina Bellè, Mark Davison",Nostromo Pictures,Drama. Romance. Musical | Basado en hechos reales. Nazismo. Años 40. Teatro,,"Enero de 1942, 400.000 judíos de toda Polonia llevan más de un año confinados por los nazis en un estrecho gueto en mitad de la ciudad. Fuera del muro, la vida sigue adelante. Dentro, sus habitantes luchan por sobrevivir. Sin embargo, el alto muro de ladrillos no consigue parar la creación de un grupo de actores judíos que, en una helada noche invernal, interpreta una comedia musical en el teatro Fémina. Los espectadores ríen y se emocionan ante una historia de amor, olvidando por un momento su difícil situación. Entre bambalinas, los actores se enfrentan a un dilema de vida o muerte ante la posibilidad de llevar a cabo una fuga después de la función.",https://www.filmaffinity.com/es/film658785.html
No somos nada,2021,100 min.,España,"Javier Corcuera, Manuel Viqueira",La Polla Records,Mariano Agudo,"Documental,  intervenciones de: Evaristo Páramos","Tamboura Films, La Mula Producciones, Intermedia Producciones, Instituto Del Cine De Madrid, Altahabana Films, La Cara A, Quechua Films",Documental | Documental sobre música,,"La Polla Records, una de las bandas más legendarias del punk, regresa para decir adiós. Con motivo de la gira definitiva del grupo, su vocalista, Evaristo Páramos, revive 40 años de historia desde su pueblo en Euskadi. Esta es la rocambolesca historia de unos aldeanos que revolucionaron la música enrabietada con unas canciones convertidas en himnos por sus miles de seguidores.

",https://www.filmaffinity.com/es/film454387.html
Libertad,2021,104 min.,España,Clara Roquet,Paul Tyan,Gris Jordana,"María Morera, Nicolle García, Nora Navas, Vicky Peña, Carol Hurtado, Maria Rodríguez Soto, David Selvas, Òscar Muñoz, Sergi Torrecilla, Mathilde Legrand","Avalon P.C, Lastor Media, Bulletproof Cupid",Drama | Adolescencia,,"La familia Vidal pasa en su casa de verano las últimas vacaciones de la abuela Ángela, que sufre Alzheimer avanzado. Por primera vez en su vida, Nora, de 14 años, siente que no encuentra su lugar. Los juegos de niños le parecen ridículos y las conversaciones de los adultos todavía le van grandes. Pero todo cambia con la llegada de Libertad, de 15 años e hija de Rosana, la mujer colombiana que cuida a Ángela. Rebelde y magnética, Libertad se convierte en la puerta de entrada a un verano distinto para Nora, y las dos chicas rápidamente forjan una amistad intensa y desigual. Juntas salen de la burbuja de protección y confort que supone la casa familiar, descubriendo un mundo nuevo en el que Nora se siente más libre que nunca. (FILMAFFINITY)
",https://www.filmaffinity.com/es/film555900.html
Sis dies corrents aka,2021,85 min.,España,"Neus Ballús, Margarita Melgar",René-Marc Bini,Anna Molins,"Valero Escolar, Mohamed Mellali, Pep Sarrà, Pau Ferran","Distinto Films, El Kinògraf, Movistar+, RTVE, TV3",Comedia | Trabajo/empleo,,"Relata una semana en la vida de Valero, Moha y Pep, trabajadores de una pequeña empresa de fontanería y electricidad de las afueras de Barcelona. Formada por seis capítulos que narran las situaciones que surgen cuando los protagonistas se enfrentan a una reparación. Cada capítulo corresponde a un día de su semana laboral y se construye alrededor de la relación que se establece entre los protagonistas y los clientes que han solicitado sus servicios.",https://www.filmaffinity.com/es/film465767.html
Belfast,2021,98 min.,Reino Unido,Kenneth Branagh,Van Morrison,Haris Zambarloukos,"Jude Hill, Caitriona Balfe, Jamie Dornan, Judi Dench, Ciarán Hinds, Lewis McAskie, Lara McDonnell, Gerard Horan, Turlough Convery, Sid Sagar, Josie Walker, Chris McCurry, Colin Morgan, Freya Yates, Nessa Eriksson, Charlie Barnard, Frankie Hastings, Máiréad Tyers, Caolan McCarthy, Ian Dunnett Jr., Drew Dillon, Michael Maloney, Rachel Feeney, Elly Condron, Samuel Menhinick, James O'Donnell, Leonard Buckley, Estelle Cousins, Scott Gutteridge, Bill Branaghver 17 más",TKBC.  Focus Features,Drama | Años 60. Infancia. Familia,,"Drama ambientado en la tumultuosa Irlanda del Norte de finales de los años 60. Sigue al pequeño Buddy mientras crece en un ambiente de lucha obrera, cambios culturales, odio interreligioso y violencia sectaria. Buddy sueña con un futuro que le aleje de los problemas, pero, mientras tanto, encuentra consuelo en su pasión por el cine, en la niña que le gusta de su clase, y en sus carismáticos padres y abuelos. (FILMAFFINITY)",https://www.filmaffinity.com/es/film407458.html
Les intranquilles aka,2021,118 min.,Bélgica,"Lou Du Pontavice, Juliette Goudot, Joachim Lafosse, Chloé Leonil, Anne-Lise Morin, François Pirot",Olafur Arnalds,Jean-François Hensgens,"Leïla Bekhti, Damien Bonnard, Luc Schiltz, Larisa Faber, Elsa Rauchs, Jules Waringo, Joël Delsaut","KG Productions, Prime Time, Samsa Film, Stenola Productions.  Luxbox",Drama | Enfermedad. Familia,,"Leïla y Damien se quieren con locura. Ambos luchan por mantener unida a la familia a pesar de la bipolaridad de Damien. Ninguno se rinde, aunque él sabe que nunca podrá ofrecerle lo que ella desea. ",https://www.filmaffinity.com/es/film963718.html
Sing 2,2021,110 min.,Estados Unidos,Garth Jennings.  Personajes: Garth Jennings,Joby Talbot,"Animación,  Voz: Matthew McConaughey, Reese Witherspoon, Scarlett Johansson, Taron Egerton, Bono, Bobby Cannavale, Tori Kelly, Nick Kroll, Pharrell Williams, Chelsea Peretti, Letitia Wright, Eric André, Adam Buxton, Garth Jennings, Peter Serafinowicz, Jennifer Saundersver 1 más","Universal Pictures, Illumination Entertainment.  Distribuidora: Universal Pictures","Universal Pictures, Illumination Entertainment.  Universal Pictures",Animación. Comedia. Musical | Secuela. 3-D,Illumination Entertainment | ¡Canta!,Buster Moon y sus amigos deben persuadir a la estrella del rock Clay Calloway para que se una a ellos en el estreno de un nuevo espectáculo.,https://www.filmaffinity.com/es/film822006.html
La Cordillère des songes aka,2019,84 min.,Chile,Patricio Guzmán,Samuel Lahu,"Arte, Atacama Productions",,"Arte, Atacama Productions",Documental,,"Patricio Guzmán dejó Chile hace más de cuarenta años cuando la dictadura militar reemplazó al Frente Popular, pero no dejó de pensar en un país, una cultura, un espacio geográfico que nunca olvidó. Después de filmar ""el norte"" en ""Nostalgia de la luz"" y ""el sur"" en ""El botón de nácar"", ahora Guzmán filma lo que él llama ""la inmensa columna vertebral que revela la historia pasada y reciente de Chile"". ""La cordillera de los sueños"" es una investigación histórica, un ensayo cinematográfico y una introspección íntima y colectiva sobre Chile.",https://www.filmaffinity.com/es/film691628.html
The Tragedy of Macbeth,2021,105 min.,Estados Unidos,Joel Coen.  Obra: William Shakespeare,Carter Burwell,Bruno Delbonnel,"Denzel Washington, Frances McDormand, Alex Hassell, Corey Hawkins, Bertie Carvel, Brendan Gleeson, Miles Anderson, Kathryn Hunter, Harry Melling, Matt Helm, Moses Ingram, Ralph Ineson, Stephen Root, Brian Thompson, Scott Subiono, Lucas Barker, Sean Patrick Thomasver 4 más","A24, IAC Films.  A24, Apple TV+",Drama | Edad Media,Shakespeare: Macbeth,"Un lord escocés es convencido por unas brujas de que se convertirá en el futuro rey de Escocia. Adaptación de ""Macbeth"", de William Shakespeare.",https://www.filmaffinity.com/es/film767738.html
King Richard,2021,138 min.,Estados Unidos,Zach Baylin,Kris Bowers,Robert Elswit,"Will Smith, Saniyya Sidney, Demi Singleton, Aunjanue Ellis, Jon Bernthal, Tony Goldwyn, Andy Bean, Kevin Dunn, Craig Tate, Dylan McDermott, Katrina Begin, Andy Hoff, Jimmy Walker Jr., George Ketsios, Susie Abromeit, Noah Bean, Judith Chapman, Layla Crawford, Chet Grissom, Vivienne Bersin, Daniele Lawson, Vaughn W. Hebron, Christian Yeung, John Dinan, Hannah Barefoot, Adam Cropper, Mel Fair, Gabi Stewart, Carrie Gibson, Mikayla Lashae Bartholomew, Danya LaBelle, Jeni Jones, Josiah Cross, Sean Berube, Michael Andrew Baker, Mathew Trent Hunnicutt, Trent Longo, Rod Sweitzer, Connie Ventress, Kika Cicmanecver 27 más","Star Thrower Entertainment, Westbrook Studios, Warner Bros., Overbrook Entertainment.  Warner Bros., HBO Max",Drama | Biográfico. Deporte. Tenis. Familia. Años 80. Años 90,,"Biopic sobre Richard Williams, un padre inasequible al desaliento que ayudó a formar a dos de las deportistas más extraordinarias de todos los tiempos, dos atletas que acabarían marcando época en el deporte del tenis. Richard tenía una visión muy clara del futuro de sus hijas, y sirviéndose de métodos arriesgados y poco convencionales, elaboró un plan que llevaría a Venus y Serena Williams de las calles de Compton, California, al olimpo del deporte, convirtiéndolas en iconos del tenis. ",https://www.filmaffinity.com/es/film580527.html
Le Quai de Ouistreham aka,2021,106 min.,Francia,"Emmanuel Carrère, Hélène Devynck.  Novela: Florence Aubenas",Mathieu Lamboley,Patrick Blossier,"Juliette Binoche, Didier Pupin, Emily Madeleine, Evelyne Porée, Hélène Lambert, Léa Carne, Louise Pociecka, Steve Papagiannis, Aude Ruyter, Jérémy Lechevallier, Kévin Maspimby, Faïçal Zoua, Arnaud Duval, Nathalie Lecornu, Joël Graindorge, Clémentine Tehua","Cinefrance, Curiosa Films, France Télévision Distribution",Drama | Trabajo/empleo. Drama social,,"Marianne Winckler, una reconocida autora, decide escribir un libro sobre la precariedad laboral viviendo esta realidad de primera mano. Para ello, ocultando su identidad, consigue trabajo como limpiadora en un pueblo de Normandía, al norte de Francia, y descubre una vida ignorada por el resto de la sociedad en la que cada euro ganado o gastado importa. Pese a la dureza de la experiencia, la solidaridad entre compañeros crea fuertes lazos de amistad entre Marianne y ellos. La ayuda mutua conduce a la amistad y la amistad a la confianza pero ¿Qué pasa con esta confianza cuando la verdad sale a la luz? (FILMAFFINITY)",https://www.filmaffinity.com/es/film115715.html
La vida era eso,2020,109 min.,España,David Martín de los Santos,Santiago Racaj,"Petra Martínez, Anna Castillo, Ramón Barea, Florin Piersic Jr., Daniel Morilla, Pilar Gómez, María Isabel Díaz, Annick Weerts, Christophe Miraval, Maarten Dannenberg, Victoria Sáez, Alina Nastase","Lolita Films, Mediaevs, Canal Sur Televisión, ICAA, Smiz and Pixel","Lolita Films, Mediaevs, Canal Sur Televisión, ICAA, Smiz and Pixel",Drama,,"Dos mujeres españolas de distintas generaciones coinciden en la habitación de un hospital en Bélgica. María (Petra Martínez) vive allí desde hace décadas tras emigrar en su juventud, y Verónica (Anna Castillo) es una joven recién llegada en busca de las oportunidades que nunca encontró en España. Entre ellas se forja una peculiar amistad que llevará a María a emprender un viaje de vuelta al sur de España con una insólita misión. Lo que comienza como un viaje en busca de las raíces de Verónica, se convertirá en una oportunidad para cuestionarse ciertos principios en los que basó su vida. (FILMAFFINITY)",https://www.filmaffinity.com/es/film975136.html
Délicieux aka,2021,112 min.,Francia,"Eric Besnard, Nicolas Boukhrief",Christophe Julien,"Grégory Gadebois, Isabelle Carré, Benjamin Lavernhe, Guillaume de Tonquedec, Christian Bouillette, Lorenzo Lefèbvre, Marie-Julie Baup, Laurent Bateau, Manon Combes, Félix Fournier, Christophe Rossignon, François De Brauer, Jérémy Lopez, Antoine Gouy, Benjamin Lhommas, Chloé Astor, Louise Rossignon, Gilles Privat, Fabien Rasplus, Christophe Véricel, Maxime Mansion, Damien Gouy, Nicolas Fine, Rémy Salvador, Lionel Buisson, Anthony Candellier, Simon Jouannot, Loïc Risser, Marc Wilhelm, Hervé Jacobi, Pierre Parraver 18 más","Nord-Ouest Films, SND Groupe M6, France 3 Cinéma, Région Auvergne-Rhône-Alpes, Artemis Productions, Canal+, Ciné+, France Télévision, Cinémage 14, Indéfilms, SofiTVciné 7, RTBF (Télévision Belge), VOO, BE TV, Shelter Prod, Taxshelter. be, Le Tax Shelter du Gouvernem, CNC, Conseil Départemental Du Cantal, Procirepver 10 más","Nord-Ouest Films, SND Groupe M6, France 3 Cinéma, Région Auvergne-Rhône-Alpes, Artemis Productions, Canal+, Ciné+, France Télévision, Cinémage 14, Indéfilms, SofiTVciné 7, RTBF (Télévision Belge), VOO, BE TV, Shelter Prod, Taxshelter. be, Le Tax Shelter du Gouvernem, CNC, Conseil Départemental Du Cantal, Procirep",Comedia | Comedia dramática. Revolución Francesa. Siglo XVIII. Histórico. Cocina,,"Francia, 1789, justo antes de la Revolución Francesa. Con la ayuda de una mujer inesperada, un chef que ha sido despedido por su jefe encuentra el valor para abrir un restaurante por sí solo. (FILMAFFINITY)",https://www.filmaffinity.com/es/film468660.html
Nightmare Alley,2021,150 min.,Estados Unidos,"Guillermo del Toro, Kim Morgan.  Novela: William Lindsay Gresham",Nathan Johnson,Dan Laustsen,"Bradley Cooper, Rooney Mara, Cate Blanchett, Toni Collette, Willem Dafoe, David Strathairn, Richard Jenkins, Mark Povinelli, Ron Perlman, Holt McCallany, Jim Beaver, Mary Steenburgen, Tim Blake Nelson, Paul Anderson, Lara Jean Chorostecki, Clifton Collins Jr., David Hewlett, Dian Bachar, Sarah Mennell, Troy James, Matthew MacCallumver 8 más",Searchlight Pictures.  Walt Disney Pictures,Cine negro. Intriga. Drama | Circo. Alcoholismo. Drama psicológico. Crimen. Años 30. Años 40. Remake,,"Un buscavidas (Bradley Cooper) se compincha con una pitonisa (Cate Blanchett) para estafar a millonarios... Remake del film ""El callejón de las almas perdidas"" (Nightmare Alley), de 1947.",https://www.filmaffinity.com/es/film880572.html
The Card Counter,2021,112 min.,Estados Unidos,Paul Schrader,"Robert Levon Been, Giancarlo Vulcano",Alexander Dynan,"Oscar Isaac, Tye Sheridan, Tiffany Haddish, Willem Dafoe, Bobby C. King, Alexander Babara, Marcus Wayne, Don Lay, Britton Webb, Hassel Kromer, Marlon Hayes, Justine Salas, Sherri Piper, Ekaterina Baker, Joel Michaely, Billy Slaughter, Amye Gousset, Calvin Williamsver 5 más","Focus Features, HanWay Films, LB Entertainment, Astrakan Film AB, Bona Film Group, Convergent Media, Enriched Media Group, One Two Twenty Entertainment.  Focus Features",Drama | Ejército. Juego. Póker,,"William Tell (Oscar Isaac) es un exmilitar y jugador profesional de póker. Su meticulosa vida se trastoca cuando se le acerca Cirk, un joven que busca ayuda en Tell para ejecutar su plan de venganza contra un coronel militar.",https://www.filmaffinity.com/es/film405972.html
Tout s'est bien passé,2021,112 min.,Francia,François Ozon.  Novela: Emmanuèle Bernheim,Hichame Alaouié,"Sophie Marceau, André Dussollier, Geraldine Pailhas, Hanna Schygulla, Charlotte Rampling, Grégory Gadebois, Eric Caravaca, Jacques Nolot, Judith Magre, Daniel Mesguich, Nathalie Richard, Annie Mercier","Mandarin Production, Foz, France 2 Cinema, Playtime Production, Scope Pictures","Mandarin Production, Foz, France 2 Cinema, Playtime Production, Scope Pictures",Drama | Familia. Vejez / Madurez,,"Emmanuèle, una novelista con una vida privada y profesional plena, se precipita al hospital al enterarse de que su padre, André, acaba de tener un accidente cerebrovascular. Cuando se despierta, debilitado y dependiente, este hombre, curioso por naturaleza y amante apasionado de la vida, le pide a su hija que le ayude.",https://www.filmaffinity.com/es/film596523.html
Majo Minarai o Sagashite aka,2020,92 min.,Japón,Midori Kuriyama,Toei Animation,,,Toei Animation,Animación. Comedia. Aventuras. Fantástico. Infantil | Magia. Brujería,,"Mire Yoshizuki es una oficinista de 27 años que vuelve a Japón. Sora Nagase es una estudiante universitaria de 22 años que aspira a convertirse en profesora. Reika Kawatani es una trabajadora a tiempo parcial en una tienda de ""okonomiyaki"" de 20 años. Pese a ser tan distintas, algo las une entre ellas, una gema mágica, que les llevará a una mágica aventura. Película de la serie anime ""La mágica Do-Re-Mi"" con motivo de su vigésimo aniversario.",https://www.filmaffinity.com/es/film184929.html
The Power of the Dog,2021,128 min.,Australia,Jane Campion.  Novela: Thomas Savage,Jonny Greenwood,Ari Wegner,"Benedict Cumberbatch, Jesse Plemons, Kirsten Dunst, Kodi Smit-McPhee, Thomasin McKenzie, Frances Conroy, Keith Carradine, Geneviève Lemon, Peter Carroll, Adam Beach, Karl Willetts, Yvette Parsons, Tatum Warren-Ngata, Maeson Stone Skuggedal, Ramontay McConnell, Daniel Cleary, Ella Hope-Higginson, Ken Radley, Sean Keenan, George Mason, David Dennis, Cohen Holloway, Eddie Campbell, Alice Englert, Bryony Skillington, Jacque Drew, Richard Falkner, Alice May Connolly, Stephen Lovatt, Stephen Bain, Edith Poor, Vadim Ledogorov, Julie Forsyth, Alison Bruce, David T. Lim, Ian Harcourtver 23 más","See-Saw Films, Max Films Productions, BBC Films, Brightstar Films, Max Films International, Cross City Films.  Netflix",Western. Drama | Drama psicológico. Años 20,,"Montana, 1925. Los acaudalados hermanos Phil (Cumberbatch) y George Burbank (Plemons) son las dos caras de la misma moneda. Phil es impetuoso y cruel, mientras George es impasible y amable. Juntos son copropietarios de un enorme rancho donde tienen ganado. Cuando George se casa con una viuda del pueblo, Rose (Dunst), Phil comienza a despreciar a su nueva cuñada, que se instala en el rancho junto a su hijo, el sensible Peter (Smit-McPhee).",https://www.filmaffinity.com/es/film315057.html
100 días con la Tata,2021,82 min.,España,"Jorge Laplace, Miguel Ángel Muñoz",Sergio Jiménez Lacima,José David Montero,"Documental,  intervenciones de: Miguel Ángel Muñoz, Luisa Cantero",Paciencia Films,Documental | Coronavirus (COVID-19). Vejez / Madurez,,"Los padres del actor Miguel Ángel Muñoz tuvieron que recurrir a la “Tata” (Luisa Cantero) para que cuidara a su hijo mientras ellos trabajaban. Desde entonces, la Tata (97) y Miguel Ángel (38) nunca se han separado. Pero tras varias complicaciones de salud de la Tata, Miguel Ángel se da cuenta de que su historia de amor se puede acabar y decide llevar a cabo todas las cosas que tiene pendientes de hacer junto a ella: un road trip, conocer los orígenes de Luisa y hasta rodar una película juntos. Una aventura que se ve interrumpida por la llegada de la pandemia. Un giro que, lejos de entristecerlos, hará que ambos estén más unidos y disfruten más que nunca durante 100 días juntos en un piso de 35m2. Pero que también forzará a Miguel Ángel a encarar su mayor miedo: la separación de la persona más importante de su vida.

",https://www.filmaffinity.com/es/film577324.html
Scream,2022,114 min.,Estados Unidos,"Guy Busick, James Vanderbilt, Kevin Williamson",Brian Tyler,Brett Jutkiewicz,"Courteney Cox, Neve Campbell, David Arquette, Jack Quaid, Jenna Ortega, Melissa Barrera, Marley Shelton, Kyle Gallner, Dylan Minnette, Mikey Madison, Jasmin Savoy Brown, Mason Gooding","Spyglass Media Group, Lantern Entertainment, Miramax, Outerbanks Entertainment, Project X Entertainment, Radio Silence.  Paramount Pictures",Terror. Thriller. Intriga | Secuela. Sátira. Slasher. Comedia negra. Asesinos en serie,Scream,"Veinticinco años después de que una serie de brutales asesinatos conmocionara al tranquilo pueblo de Woodsboro, un nuevo asesino se ha puesto la máscara de Ghostface y comienza a perseguir a un grupo de adolescentes para resucitar los secretos del mortífero pasado del pueblo. (FILMAFFINITY)",https://www.filmaffinity.com/es/film738775.html
House of Gucci,2021,157 min.,Estados Unidos,"Roberto Bentivegna, Becky Johnson.  Libro: Sara Gay Forden.  Historia: Becky Johnston",Harry Gregson-Williams,Dariusz Wolski,"Lady Gaga, Adam Driver, Al Pacino, Jeremy Irons, Jared Leto, Salma Hayek, Jack Huston, Camille Cottin, Vincent Riotta, Alexia Murray, Reeve Carney, Gaetano Bruno, Youssef Kerkour, Madalina Ghenea, Mia McGovern Zaini, Florence Andrews, Mehdi Nebbou, Edouard Philipponnat, Bianca Nappi, Andrea Piedimonte, Mario Opinato, Luca Chikovani, Miloud Mourad Benamara, Vincenzo Tanassi, Pietro Ragusaver 12 más","Metro-Goldwyn-Mayer (MGM), Scott Free Productions, Bron Studios",Drama | Moda. Basado en hechos reales. Años 70. Años 80. Años 90. Familia. Crimen,,"Drama criminal en torno al asesinato, en 1995, de Maurizio Gucci, nieto del fundador del imperio de la moda Gucci, que apareció asesinado por orden de su exmujer Patrizia Reggiani, conocida como ""la viuda negra de Italia"". Adaptación del libro de Sara Gay Forden, publicado en 2001, 'The House of Gucci: A Sensational Story of Murder, Madness, Glamour, and Greed'. (FILMAFFINITY)",https://www.filmaffinity.com/es/film622126.html
Ghostbusters: Afterlife,2021,124 min.,Estados Unidos,"Jason Reitman, Gil Kenan.  Personaje: Dan Aykroyd, Harold Ramis",Rob Simonsen,Eric Steelberg,"Carrie Coon, Paul Rudd, Finn Wolfhard, Mckenna Grace, Logan Kim, Celeste O'Connor, Dan Aykroyd, Bill Murray, Ernie Hudson, Sigourney Weaver, Annie Potts, Bob Gunton, Shawn Seward, Billy Bryk, Sydney Mae Diaz, Hannah Duke, Bokeem Woodbine, Marlon Kazadi, Paulina Alexisver 6 más","The Montecito Picture Company, Columbia Pictures, Ghostcorps, Bron Studios, Sony Pictures Entertainment (SPE).  Sony Pictures Entertainment (SPE)",Fantástico. Comedia | Sobrenatural. Fantasmas. Secuela,Cazafantasmas,"Una madre soltera y sus dos hijos llegan a una pequeña ciudad, descubriendo su conexión con los cazafantasmas originales y el legado secreto que dejó su abuelo tras de sí. Secuela directa de ""Cazafantasmas 2"". (FILMAFFINITY)",https://www.filmaffinity.com/es/film757813.html
Encanto,2021,99 min.,Estados Unidos,"Jared Bush, Charise Castro Smith.  Historia: Jared Bush, Charise Castro Smith, Byron Howard, Lin-Manuel Miranda, Jason Hand, Nancy Krusever 4 más",Germaine Franco.  Canciones: Lin-Manuel Miranda,"Animación, Alessandro Jacomini, Daniel Rice, Nathan Warner","Walt Disney Animation Studios.  Distribuidora: Walt Disney Pictures, Disney+","Walt Disney Animation Studios.  Walt Disney Pictures, Disney+",Animación. Fantástico. Comedia. Drama. Musical | Familia. Realismo mágico,Clásicos de Walt Disney | Encanto (Disney),"Cuenta la historia de una familia extraordinaria, los Madrigal, que viven escondidos en las montañas de Colombia, en una casa mágica situada en un enclave maravilloso llamado Encanto. La magia de Encanto ha dotado a todos los niños de la familia un don único, desde la súperfuerza hasta el poder de curar... Pero se olvidó de un miembro de la familia: Mirabel. Cuando ésta descubre que la magia que rodea Encanto está en peligro, decide que ella, la única Madrigal normal, podría ser la última esperanza de su extraordinaria familia. (FILMAFFINITY)",https://www.filmaffinity.com/es/film799681.html
Villa Caprice aka,2020,103 min.,Francia,"Pascale Robert-Diard, Bernard Stora",Vincent Stora,Thomas Hardmeier,"Niels Arestrup, Patrick Bruel, Irène Jacob, Claude Perron, Michel Bouquet, Paul Hamy, Alaa Safi, Laurent Stocker, Avant Strangel, Sophie Verbeeck, François Vincentelli, Eva Darlan, Vincent Furic, Sabine Pakora, Marc Raffray","JPG Films, Umedia, uFund",Drama,,"La vida de Luc Germon, un famoso abogado de gran reputación, se ve trastocada cuando acepta a un nuevo cliente, Gilles Fontaine, uno de los empresarios más poderosos de Francia. A este le acusan de comprar una propiedad en circunstancias sospechosas, y deberá confiar en las habilidades de Germon para librarle del caso, pero poco a poco, los aliados empezarán a convertirse en enemigos...",https://www.filmaffinity.com/es/film198721.html
Le discours aka,2020,87 min.,Francia,Laurent Tirard.  Novela: Fabcaro,Mathieu Lamboley,Emmanuel Soyer,"Benjamin Lavernhe, Sara Giraudeau, Kyan Khojandi, Julia Piaton, François Morel, Guilaine Londez, Sébastien Chassagne, Sarah Suco, Marilou Aussilloux, Christophe Montenez, Adeline D'Hermy, Laurent Bateau, Jean-Michel Lahmi, Sébastien Pouderoux, Jules Lachaux, Chloé Guillossou, Niels Tolila, Fabienne Galula, Jean Francois Rottier, Alexandre Picotver 7 más","Les Films sur mesure, Le Pacte, France 2 Cinema, Scope Pictures",Comedia,,"Adrien tiene 35 años, es neurótico e hipocondríaco y está estancado en una crisis de madurez. Durante una cena con su extensa familia, su novia no contesta sus mensajes y su estúpido cuñado le pide que se encargue de hacer el discurso de su boda. ¿Qué podría ir peor? (FILMAFFINITY)",https://www.filmaffinity.com/es/film931173.html
La abuela,2021,99 min.,España,Carlos Vermut.  Idea: Paco Plaza,Fatima Al Qadiri,Daniel Fernández Abelló,"Almudena Amor, Vera Valdez, Karina Kolokolchykova, Chacha Huang, Michael Collis","Apache Films, Les Films du Worso.  Sony Pictures España",Terror. Fantástico | Vejez / Madurez. Familia. Thriller psicológico,,"Susana (Almudena Amor) tiene que dejar su vida en París, donde trabaja como modelo, para regresar a Madrid, debido a que su abuela Pilar (Vera Valdez) acaba de sufrir un derrame cerebral. Años atrás, cuando los padres de Susana murieron, su abuela la crió como si fuese su propia hija. Susana necesita encontrar a alguien que cuide de Pilar, pero lo que deberían ser solo unos días con su abuela se acabarán convirtiendo en una terrorífica pesadilla. ",https://www.filmaffinity.com/es/film453220.html
Pagten aka,2021,115 min.,Dinamarca,Christian Torpe.  Memorias: Thorkild Bjørnvig,Frédéric Vercheval,Manuel Alberto Claro,"Birthe Neumann, Simon Bennebjerg, Asta Kamma August, Nanna Skaarup Voss, Anders Heinrichsen, Marie Mondrup, Kurt Dreyer, Jytte Kvinesdal, Mikkel Kjærsgaard Stubkjær, Téo Lepetit, Susanne Bruhn, Bjarne Jønsson, Nathan Benson","Motor, SF Studios",Drama | Biográfico. Literatura. Años 40. Años 50. Amistad,,"Finales de los años cuarenta. La escritora Karen Blixen, de 63 años, está en la cima del éxito y parece ser la próxima en ganar el Premio Nobel de Literatura. Tras dejar atrás su renuncia a la famosa granja en África para regresar a su Dinamarca natal y habiendo perdido al amor de su vida, ahora Karen se ha reinventado a sí misma como una sensación literaria. Ella sigue siendo un genio aislado. Sin embargo, su vida se tambaleará el día que conoce a un talentoso poeta de 30 años. Karen le promete el estrellato literario si él a cambio la obedece incondicionalmente, incluso a costa de perderlo todo en su vida. (FILMAFFINITY)",https://www.filmaffinity.com/es/film948651.html
Uncharted,2022,115 min.,Estados Unidos,"Rafe Judkins, Art Marcum, Matt Holloway.  Historia: Rafe Judkins, Jonathan Rosenberg, Mark D. Walker.   Videojuego: Naughty Dog.   Personajes: Amy Hennig, Neil Druckmann, Josh Scherrver 6 más",Ramin Djawadi,Chung Chung-hoon,"Tom Holland, Mark Wahlberg, Sophia Ali, Antonio Banderas, Tati Gabrielle, Steven Waddington, Patricia Meeden, Sarah Petrick, Pilou Asbæk, Pingi Moli, Tiernan Jones, Alana Boden, Rudy Pankow, Georgia Goodman, Joseph Balderrama, Manuel de Blas.   Cameo: Nolan Northver 4 más","PlayStation Productions, Naughty Dog, Columbia Pictures, Arad Productions, Sony Computer Entertainment (SCE), Atlas Entertainment.  Sony Pictures Entertainment (SPE)",Aventuras. Acción | Videojuego,Naughty Dog | Uncharted,"Basada en una de las series de videojuegos más vendidas y aclamadas por la crítica de todos los tiempos, ""Uncharted"" presenta a un joven, astuto y carismático, Nathan Drake (Tom Holland) en su primera aventura como cazatesoros con su ingenioso compañero Victor “Sully” Sullivan (Mark Wahlberg). En una aventura de acción que se extiende por todo el mundo, ambos se embarcan en una peligrosa búsqueda de “el mayor tesoro nunca antes encontrado” al tiempo que rastrean las claves que les podrían conducir al hermano de Nathan, perdido hace ya mucho tiempo.",https://www.filmaffinity.com/es/film748908.html
Madres paralelas,2021,123 min.,España,Pedro Almodóvar,Alberto Iglesias,José Luis Alcaine,"Penélope Cruz, Milena Smit, Israel Elejalde, Aitana Sánchez-Gijón, Rossy de Palma, Julieta Serrano, Adelfa Calvo, Ainhoa Santamaría, Daniela Santiago, Julio Manrique, Inma Ochoa, Trinidad Iglesias, Carmen Flores, Arantxa Aranguren, José Javier Domínguez, Chema Adeva, Ana Peleteirover 4 más","Remotamente Films, El Deseo, RTVE",Drama | Maternidad. Melodrama,,"Dos mujeres coinciden en una habitación de hospital donde van a dar a luz. Ambas están solteras y se quedaron embarazadas por accidente. Janis, de mediana edad, no se arrepiente y está exultante. La otra, Ana, una adolescente, está asustada, arrepentida y traumatizada. Janis intenta animarla mientras pasean por los pasillos del hospital. Las pocas palabras que intercambien en esas horas crearán un vínculo muy estrecho entre las dos, que por casualidad se desarrolla y se complica, afectando a sus vidas de forma decisiva.

",https://www.filmaffinity.com/es/film242779.html
Canto cósmico. Niño de Elche,2021,93 min.,España,"Leire Apellaniz, Marc Sempere Moya",Agnès Piqué Corbera,"Documental,  intervenciones de: El Niño de Elche, Paqui Molina, Aladino Contreras, Pedro G. Romero, Manuel León Caballero, Raul Cantizano, Antonio Orihuela, Los Voluble, Pepe Cicuta, C. Tangana, Estefanía Serrano, José Val del Omar, Miguel Álvarez-Fernández, Israel Galván, Angélica Liddell, Ramón Andrés, Eric Jiménez, Ernesto Artillover 6 más","Código Sur Producciones, Señor & Señora","Código Sur Producciones, Señor & Señora",Documental | Documental sobre música. Música. Biográfico,,"Documental que se aproxima al Niño de Elche, el músico español más controvertido de los últimos años, desde una perspectiva caleidoscópica que abarca desde su esfera más íntima y familiar a las múltiples reverberaciones de su universo poético. Un retrato con personalidad estética propia que integra además un fecundo diálogo colectivo en torno a esa genealogía artística profundamente española surgida de la dialéctica entre ortodoxia y vanguardia, entre tradición y subversión. ",https://www.filmaffinity.com/es/film158517.html
The King's Man,2021,131 min.,Reino Unido,"Jane Goldman, Matthew Vaughn, Karl Gajdusek.  Personaje: Dave Gibbons, Mark Millar.  Historia: Matthew Vaughn","Dominic Lewis, Matthew Margeson",Ben Davis,"Ralph Fiennes, Harris Dickinson, Djimon Hounsou, Gemma Arterton, Rhys Ifans, Charles Dance, Tom Hollander, Matthew Goode, Daniel Brühl, Aaron Taylor-Johnson, Stanley Tucci, David Kross, Alison Steadman, Alexandra Maria Lara, Ross Anderson, Neil Jackson, Olivier Richters, Branka Katic, Robert Aramayo, Gabriel Constantin, Valerie Pachner, Joel Basman, Todd Boyce, Cassidy Little, Russell Balogh, Constantine Gregory, Kya Garwood, Hal Fowler, Maja Simonsen, Ian Porter, Jack Cunningham-Nuttall, Katarina Martin, Paul Philip Clark, Connor Callandver 21 más","Marv Films, 20th Century Studios, Marv Studios.  Walt Disney Pictures",Thriller. Acción. Comedia | Espionaje. I Guerra Mundial. Cómic. Precuela,Adaptaciones de Mark Millar | Adaptaciones de Dave Gibbons | Kingsman,"Cuando un grupo formado por los tiranos y las mentes criminales más malvadas de la historia se une para desencadenar una guerra que matará a millones de personas, un hombre tendrá que luchar a contrarreloj para detenerlos. Tercera entrega de la saga 'Kingsman', ambientada muchos años antes de las anteriores y explicando el origen de la agencia. (FILMAFFINITY)",https://www.filmaffinity.com/es/film112313.html
One Shot,2021,97 min.,Reino Unido,Jamie Russell,Austin Wintory,Jonathan Iles,"Scott Adkins, Ashley Greene, Ryan Phillippe, Emmanuel Imani, Dino Kelly, Waleed Elgadi, Terence Maynard, Jess Liaudin, Lee Charles","Fiction Films, Signature Films.  Eagle Films",Acción,,"Los miembros de un escuadrón de élite de los Navy SEAL, en una misión encubierta para transportar a un importante prisionero desde una prisión secreta de la CIA, quedan atrapados cuando un grupo de insurgentes atacan intentando rescatar al mismo prisionero.",https://www.filmaffinity.com/es/film215095.html
The Eyes of Tammy Faye,2021,126 min.,Estados Unidos,Abe Sylvia,Theodore Shapiro,Mike Gioulakis,"Jessica Chastain, Andrew Garfield, Vincent D'Onofrio, Cherry Jones, Sam Jaeger, Fredric Lehne, Gabriel Olds, Chandler Head, Mark Wystrach, Lindsay Ayliffe, Dan Johnson, Louis Cancelmi, Randy Havens, Joe Ando-Hirsh, Kimberly Hester Huffstetler, Coley Campany, Meredith Jackson, Jay Huguley, Kevin J. O'Connorver 6 más","Searchlight Pictures, Freckle Films, Odd Lot Entertainment, Semi-Formal Productions.  Searchlight Pictures",Drama | Biográfico. Religión. Años 70. Años 80. Televisión,,"Biopic del extraordinario ascenso, caída y redención de la telepredicadora evangelista Tammy Faye Bakker. En los años 70 y 80, Tammy Faye y su marido, Jim Bakker, pusieron en pie prácticamente de la nada la red de cadenas religiosas más grande del mundo, así como un parque temático, y gozaron de una inmensa popularidad gracias a sus mensajes de amor, aceptación y prosperidad. Tammy Faye era legendaria por sus pestañas indestructibles, su original forma de cantar y su generosidad a la hora de acoger a personas de todo tipo. Pero no pasó mucho tiempo antes de que las irregularidades financieras, las rivalidades e intrigas y los escándalos derrocaran un imperio construido con gran meticulosidad.

Preestreno internacional: Festival de Toronto 2021
Preestreno en España: Festival de San Sebastián (septiembre 2021)",https://www.filmaffinity.com/es/film889123.html
Mamá o papá,2021,103 min.,España,Eric Navarro,"Zacarías M. de la Riva, Alfred Tapscott",Sergi Gallardo,"Paco León, Miren Ibarguren, Laura Quirós, Sofía Oria, Iván Renedo, Eva Ugarte, Miquel Fernández, Berto Romero, Pedro Casablanc, Ester Expósito, Julián Villagrán, Mari Paz Sayago, Mamen García, Carlos Fuentes, Lucía Caraballo, Francisca Horcajo, Yaël Belichaver 4 más","Atresmedia Cine, Warner Bros. España, Álamo Producciones Audiovisuales, Grupo Secuoya",Comedia | Familia. Remake,,"Flora y Víctor son los padres que todo niño querría tener: modernos, divertidos y cariñosos. Sin embargo, todo se tuerce el día que deciden divorciarse y aparece la oportunidad laboral con la que llevan soñando toda la vida. Solo hay un problema: la custodia. Ninguno está dispuesto a ceder. Así que, por orden de la jueza, los niños tendrán que decidir con quién se quedan: con mamá, o con papá. A partir de este momento, los padres modélicos se declaran la guerra y no habrá tregua. Ambos harán todo lo posible por no obtener la custodia de sus hijos.",https://www.filmaffinity.com/es/film967255.html
